<?xml version="1.0" encoding="UTF-8"?>

<beans xmlns="http://www.springframework.org/schema/beans"

	xmlns:context="http://www.springframework.org/schema/context"

	xmlns:xsi="http://www.w3.org/2001/XMLSchema-instance" xmlns:mvc="http://www.springframework.org/schema/mvc"

	xmlns:tx="http://www.springframework.org/schema/tx"



	xsi:schemaLocation="

        http://www.springframework.org/schema/beans    

        http://www.springframework.org/schema/beans/spring-beans-2.5.xsd

        http://www.springframework.org/schema/context

        http://www.springframework.org/schema/context/spring-context.xsd

        http://www.springframework.org/schema/mvc

        http://www.springframework.org/schema/mvc/spring-mvc.xsd

        http://www.springframework.org/schema/tx

        http://www.springframework.org/schema/tx/spring-tx-3.0.xsd">

		<bean id="employee" class="com.cg1.Employee">
		<property name="dob" value="2018-06-12"></property>
		</bean>
		
		<bean class="org.springframework.beans.factory.config.CustomEditorConfigurer">
			<property name="customEditors">
				<map>
					<entry key="java.sql.Date" value="com.cg1.SqlDateEditor"></entry>
				</map>
			</property>
		</bean>
		
		
		
		<!-- <bean id="zeroPoint" class="com.cg.Point"> 
			<property name="x" value="0"></property> 
			<property name="y" value="0"></property>
	 	</bean>
	 	
	 	<bean id="point1" class="com.cg.Point">
			<property name="x" value="-20"></property>
			<property name="y" value="-10"></property>
		</bean>
		
		<bean id="point2" class="com.cg.Point">
			<property name="x" value="20"></property>
			<property name="y" value="10"></property>
		</bean> -->
	 	
	 	<bean id="cir" class="com.cg1.Circle1"/>                  <!-- @Autowired annotation -->
	 	
		<context:annotation-config></context:annotation-config>		<!-- @Resource annotation -->
		
		<context:component-scan base-package="com.cg1"></context:component-scan>  <!-- @Component annotation -->
		
		<!-- <bean id="cir" class="com.cg1.Circle1">    ..................use of required annotation
		</bean>
		
		<bean class="org.springframework.beans.factory.annotation.RequiredAnootationBeanPostProcessor"></bean>-->
		
		<!-- <bean class="org.springframework.beans.factory.annotation.AutowiredAnnotationBeanPostProcessor"></bean> -->
		
		<!-- <bean id="messageSource" class="org.springframework.context.support.ResourceBundleMessageSource">
			<property name="basename" value="myMessages"></property>
		</bean> -->
		
		<bean id="messageSource" class="org.springframework.context.support.ResourceBundleMessageSource">
			<property name="basenames">
				<!-- <value>myMessages</value>
 -->				<value>applicationResource</value>
			</property>
		</bean>

</beans>