 <?xml version="1.0" encoding="UTF-8"?>

<beans xmlns="http://www.springframework.org/schema/beans"

	xmlns:context="http://www.springframework.org/schema/context"

	xmlns:xsi="http://www.w3.org/2001/XMLSchema-instance" 
	
	xmlns:mvc="http://www.springframework.org/schema/mvc"

	xmlns:tx="http://www.springframework.org/schema/tx" 
	
	xmlns:jpa="http://www.springframework.org/schema/data/jpa"



	xsi:schemaLocation="

        http://www.springframework.org/schema/beans    

        http://www.springframework.org/schema/beans/spring-beans-4.1.xsd

        http://www.springframework.org/schema/context

        http://www.springframework.org/schema/context/spring-context-3.2.xsd

        http://www.springframework.org/schema/mvc

        http://www.springframework.org/schema/mvc/spring-mvc.xsd

        http://www.springframework.org/schema/tx

       	http://www.springframework.org/schema/tx/spring-tx-4.1.xsd

        http://www.springframework.org/schema/data/jpa

      	http://www.springframework.org/schema/data/jpa/spring-jpa.xsd">

		<bean id="viewResolver" class="org.springframework.web.servlet.view.InternalResourceViewResolver">
			<property name="prefix" value="/WEB-INF/"></property>
			<property name="suffix" value=".jsp```"></property>
		</bean>

		<context:annotation-config/>
		<context:component-scan base-package="com.cg.emp"></context:component-scan>
		<mvc:annotation-driven></mvc:annotation-driven>
</beans>